calories,workout,workout_freq,bmi,body_fat
712.0,1.12,5.0,14.31,12.8
833.0,1.0,5.0,33.49,27.9
1678.0,1.24,3.0,12.73,28.7
628.0,1.45,4.0,20.37,31.8
1286.0,1.6,4.0,20.83,26.4
953.0,1.62,2.0,13.02,23.4
1238.0,1.46,2.0,18.12,11.9
829.0,1.63,4.0,19.16,11.6
802.0,0.77,3.0,49.84,27.8
1231.0,2.0,5.0,12.32,30.5
747.0,1.89,3.0,28.39,31.7
672.0,2.0,2.0,12.32,25.4
1705.0,1.61,3.0,15.99,14.1
1564.0,0.65,2.0,14.48,26.0
464.0,1.15,4.0,19.09,32.5
1410.0,1.03,4.0,13.91,16.0
1195.0,1.45,4.0,22.61,23.9
871.0,0.69,5.0,14.31,21.9
853.0,1.5,3.0,23.64,26.5
1136.0,1.3,3.0,22.69,23.8
931.0,1.27,5.0,21.04,26.6
453.0,1.44,4.0,18.23,17.5
888.0,1.15,4.0,15.23,26.9
758.0,1.94,3.0,16.87,28.9
1044.0,1.56,2.0,24.43,33.5
1266.0,1.51,2.0,17.79,26.4
1783.0,1.28,2.0,20.59,20.0
1090.0,1.4,2.0,17.68,16.9
861.0,2.0,3.0,18.61,32.2
938.0,1.61,3.0,17.92,26.8
930.0,0.7,4.0,27.74,21.9
631.0,1.28,4.0,19.18,23.0
1355.0,1.52,4.0,18.95,23.2
1258.0,1.2,4.0,12.32,25.0
1211.0,0.92,3.0,23.19,21.2
1152.0,1.56,3.0,16.66,25.1
1482.0,0.89,4.0,12.32,22.6
851.0,1.18,2.0,21.08,27.4
621.0,0.92,3.0,17.99,28.3
1464.0,0.74,3.0,21.67,17.0
1062.0,1.53,5.0,23.77,10.0
1415.0,1.4,3.0,26.4,25.4
736.0,2.0,3.0,18.54,22.5
980.0,1.27,5.0,15.52,34.8
632.0,1.91,4.0,12.32,26.1
1119.0,2.0,2.0,18.99,23.0
867.0,1.12,4.0,12.32,15.2
771.0,1.08,3.0,12.9,27.3
1165.0,1.34,4.0,15.73,10.7
900.0,1.14,3.0,19.62,28.5
1767.0,1.12,2.0,34.37,23.6
1519.0,1.3,4.0,39.74,27.5
954.0,1.76,3.0,16.07,18.0
876.0,1.43,2.0,19.63,26.0
695.0,1.23,2.0,28.93,14.2
566.0,1.9,4.0,16.26,27.5
1105.0,1.14,4.0,16.91,31.4
582.0,1.11,3.0,19.83,27.1
1010.0,1.04,3.0,12.32,28.1
969.0,1.41,2.0,20.47,29.5
468.0,0.98,3.0,18.78,25.6
1306.0,1.98,4.0,26.25,24.0
931.0,1.92,4.0,23.23,15.0
899.0,0.95,5.0,26.08,21.7
679.0,1.39,2.0,24.32,13.3
1208.0,0.74,3.0,12.32,26.1
1203.0,1.16,3.0,12.32,32.1
744.0,1.59,3.0,20.97,22.2
1313.0,1.23,3.0,16.06,35.0
1020.0,1.16,4.0,22.87,29.2
1052.0,1.28,4.0,18.57,20.7
1084.0,1.23,3.0,16.41,16.4
583.0,0.78,5.0,13.71,22.6
1145.0,1.91,2.0,30.34,18.1
975.0,1.07,4.0,14.08,26.2
880.0,2.0,2.0,13.16,32.9
1583.0,2.0,4.0,12.32,18.9
815.0,1.62,3.0,21.1,31.2
1726.0,1.54,2.0,18.64,30.9
1248.0,0.87,4.0,17.55,10.0
840.0,1.56,4.0,12.32,23.7
643.0,1.23,3.0,13.93,28.8
995.0,1.02,3.0,12.46,26.2
1096.0,1.42,3.0,15.36,24.3
1238.0,1.03,5.0,22.98,11.6
1064.0,1.18,4.0,15.76,21.2
1692.0,1.5,4.0,12.32,10.0
1095.0,1.26,3.0,29.91,19.3
1091.0,1.58,4.0,16.92,34.4
1349.0,1.47,5.0,12.32,24.7
1740.0,2.0,4.0,20.04,26.6
868.0,1.56,3.0,24.51,24.8
1309.0,1.25,4.0,17.83,14.7
767.0,1.19,3.0,20.71,23.0
733.0,1.49,5.0,20.06,29.2
1095.0,2.0,5.0,25.83,20.4
1392.0,1.45,2.0,34.01,22.0
1237.0,1.27,4.0,21.23,29.1
919.0,1.19,4.0,31.5,30.5
936.0,1.47,4.0,18.7,19.6
864.0,1.3,4.0,17.11,26.5
1066.0,1.37,5.0,25.16,24.7
772.0,1.35,4.0,20.62,25.7
963.0,1.9,5.0,34.21,31.4
1429.0,1.2,3.0,19.07,12.9
676.0,1.38,3.0,23.73,30.2
1235.0,1.1,3.0,13.13,22.8
987.0,1.44,3.0,15.47,23.8
1073.0,1.87,5.0,20.1,23.7
1218.0,0.58,4.0,19.66,28.4
1493.0,1.58,3.0,14.27,18.1
1065.0,1.64,3.0,17.79,17.7
419.0,1.44,3.0,20.67,25.4
780.0,1.23,4.0,22.59,11.4
695.0,2.0,4.0,49.84,23.4
670.0,1.01,3.0,19.83,23.2
942.0,1.47,4.0,16.61,30.7
976.0,1.1,2.0,16.26,31.3
993.0,0.88,5.0,12.32,13.9
1307.0,1.35,3.0,15.3,26.0
611.0,1.2,3.0,12.63,16.4
753.0,1.72,5.0,33.99,24.6
735.0,1.38,3.0,16.07,10.0
1449.0,2.0,4.0,28.18,31.7
1516.0,1.93,3.0,17.69,21.9
893.0,0.52,4.0,20.56,18.4
1783.0,1.36,3.0,12.32,24.5
1445.0,1.64,4.0,19.11,20.7
872.0,1.37,5.0,33.07,16.6
1265.0,1.19,4.0,12.32,24.7
1243.0,0.91,4.0,25.82,30.7
1239.0,1.34,3.0,18.17,35.0
1595.0,1.31,4.0,13.23,29.1
770.0,1.64,4.0,17.16,28.0
1031.0,1.59,3.0,20.62,19.2
1783.0,1.39,4.0,16.27,11.0
949.0,1.32,3.0,21.11,28.4
943.0,1.28,4.0,20.37,26.7
1212.0,1.34,2.0,20.21,24.8
1040.0,1.29,3.0,13.0,21.8
990.0,1.77,4.0,22.03,10.0
622.0,1.84,4.0,14.27,26.3
765.0,1.29,4.0,14.22,27.0
582.0,1.36,4.0,35.08,25.7
1319.0,1.28,2.0,20.39,21.1
1426.0,0.98,2.0,20.52,21.2
1461.0,1.04,5.0,12.32,27.4
1176.0,0.91,5.0,33.0,22.1
1153.0,0.64,2.0,18.62,29.9
1318.0,2.0,4.0,21.16,32.7
793.0,0.75,3.0,22.57,24.4
1127.0,2.0,2.0,17.86,10.0
979.0,2.0,4.0,20.06,10.0
1149.0,1.3,3.0,12.32,26.6
1094.0,1.49,3.0,17.45,19.0
470.0,0.98,2.0,20.42,27.2
904.0,1.82,4.0,16.01,30.9
988.0,2.0,4.0,12.32,23.5
1134.0,1.63,4.0,15.86,22.7
1783.0,1.24,3.0,25.59,30.3
782.0,1.17,2.0,42.88,24.8
1347.0,1.41,2.0,25.42,28.6
1228.0,1.87,2.0,14.52,29.6
1468.0,2.0,4.0,21.91,28.4
1741.0,1.46,3.0,13.33,28.7
659.0,0.86,3.0,18.23,20.5
1325.0,2.0,3.0,18.08,21.1
1446.0,1.4,3.0,22.4,16.7
902.0,1.3,3.0,26.2,26.7
533.0,1.04,5.0,26.74,10.3
1382.0,0.76,4.0,14.09,15.3
830.0,0.73,3.0,32.42,27.3
406.0,1.02,3.0,22.86,21.8
639.0,0.5,2.0,13.38,25.2
844.0,1.54,4.0,17.07,19.7
1299.0,2.0,3.0,20.69,24.8
1710.0,1.39,3.0,12.32,18.2
1766.0,1.73,5.0,15.98,28.7
1140.0,1.18,4.0,21.95,10.0
1234.0,1.36,4.0,25.83,30.1
1273.0,0.83,2.0,20.9,14.7
1674.0,1.22,3.0,24.01,27.5
906.0,1.09,3.0,25.68,23.9
1783.0,1.26,3.0,12.93,27.1
1105.0,1.93,4.0,12.32,28.9
1436.0,1.24,4.0,42.84,26.3
1104.0,0.66,2.0,12.42,22.6
790.0,1.26,4.0,25.47,31.8
1549.0,2.0,2.0,31.27,21.4
925.0,1.31,3.0,15.35,32.4
1236.0,2.0,3.0,19.62,26.6
991.0,1.85,3.0,32.25,23.2
1395.0,2.0,5.0,17.16,13.1
1155.0,1.03,3.0,12.66,28.0
1379.0,1.08,3.0,21.53,15.2
1011.0,1.33,5.0,12.32,22.4
1783.0,1.04,4.0,12.32,21.9
797.0,0.82,3.0,24.04,28.1
744.0,1.82,3.0,18.63,13.2
1414.0,1.41,3.0,14.21,33.3
1009.0,1.88,5.0,16.24,26.0
716.0,1.89,2.0,12.32,16.7
775.0,2.0,2.0,15.06,22.9
905.0,1.13,4.0,24.8,24.0
1783.0,1.17,3.0,12.83,25.9
1563.0,1.81,4.0,19.8,15.8
848.0,1.77,3.0,24.11,17.3
992.0,1.18,5.0,14.98,26.7
1375.0,0.88,5.0,18.1,24.2
1091.0,1.2,3.0,21.49,30.8
1249.0,1.27,2.0,26.91,22.8
938.0,1.33,4.0,18.34,24.3
948.0,1.52,3.0,13.85,27.1
1102.0,1.75,3.0,17.94,19.0
1146.0,1.69,3.0,21.17,21.9
589.0,1.18,3.0,19.24,24.9
1093.0,1.09,2.0,20.85,28.2
735.0,1.26,4.0,12.32,26.3
1067.0,1.3,4.0,26.26,27.5
1259.0,1.35,3.0,14.24,32.3
950.0,2.0,2.0,22.6,11.1
978.0,1.07,2.0,16.79,23.1
712.0,1.11,2.0,16.23,27.0
686.0,2.0,3.0,14.46,30.3
986.0,1.26,3.0,19.92,25.3
1042.0,1.93,4.0,17.81,16.4
543.0,1.44,5.0,24.89,23.4
703.0,1.5,4.0,15.9,25.5
1402.0,2.0,4.0,20.99,30.0
457.0,2.0,3.0,24.67,27.7
1044.0,1.28,2.0,14.68,27.9
455.0,1.65,3.0,24.27,23.6
609.0,1.09,2.0,14.7,13.7
1250.0,1.3,5.0,12.58,21.3
1183.0,1.27,4.0,19.3,16.4
1267.0,0.92,4.0,12.32,18.3
1105.0,1.77,2.0,20.25,14.4
912.0,1.21,2.0,25.72,28.4
1171.0,1.19,4.0,45.75,31.7
323.0,1.19,3.0,12.32,23.8
729.0,1.46,4.0,17.56,27.7
1040.0,0.99,5.0,18.07,23.6
668.0,0.96,4.0,26.35,25.8
1442.0,1.08,5.0,12.32,25.7
607.0,1.67,2.0,19.15,27.5
506.0,1.43,3.0,18.39,32.0
1138.0,1.33,3.0,22.79,25.6
1173.0,1.22,3.0,19.2,27.7
1282.0,0.69,2.0,22.96,28.6
914.0,0.95,2.0,23.01,19.0
936.0,1.42,4.0,27.29,22.2
948.0,1.09,2.0,12.32,28.3
1156.0,1.48,4.0,27.66,23.4
1019.0,1.87,4.0,27.59,23.5
1161.0,1.05,4.0,24.13,22.9
1311.0,1.36,2.0,16.61,15.6
766.0,1.13,2.0,16.38,14.6
1185.0,1.38,3.0,29.04,30.8
757.0,1.97,5.0,36.13,23.5
998.0,1.45,4.0,12.32,15.1
1100.0,1.11,2.0,15.88,29.1
734.0,1.48,4.0,23.63,16.8
1173.0,1.27,2.0,13.06,19.7
906.0,0.97,2.0,21.03,31.2
829.0,0.6,4.0,16.35,24.7
903.0,0.93,2.0,39.04,14.2
327.0,1.03,3.0,21.21,10.0
1356.0,1.18,3.0,12.32,10.0
886.0,0.9,2.0,26.48,28.0
1475.0,1.28,5.0,17.62,10.0
1162.0,1.81,3.0,37.91,10.6
1186.0,1.23,4.0,15.6,26.4
1308.0,1.37,2.0,17.48,21.4
564.0,2.0,3.0,29.21,23.1
742.0,1.2,4.0,19.04,23.5
1394.0,1.47,3.0,17.4,22.7
1091.0,1.97,3.0,12.32,30.4
1218.0,2.0,3.0,13.61,29.8
1157.0,0.93,2.0,13.83,18.7
735.0,1.4,3.0,20.98,16.9
725.0,1.28,3.0,22.55,27.1
1629.0,1.34,5.0,19.58,27.3
1278.0,0.82,5.0,16.02,20.7
1242.0,1.81,4.0,16.63,21.0
901.0,1.26,3.0,22.13,26.9
1612.0,0.79,3.0,36.29,20.6
1132.0,1.57,3.0,19.54,20.7
1193.0,1.35,3.0,18.21,23.5
1034.0,1.36,4.0,24.49,24.8
891.0,1.1,3.0,15.73,23.5
1374.0,1.65,5.0,25.0,25.9
500.0,1.31,2.0,13.83,23.7
763.0,1.53,2.0,15.8,16.9
1069.0,2.0,4.0,31.59,24.9
416.0,0.93,5.0,31.64,22.5
973.0,1.21,4.0,12.32,26.4
1243.0,2.0,2.0,17.26,26.2
741.0,1.5,3.0,25.22,28.1
1314.0,2.0,3.0,20.41,26.7
433.0,1.38,4.0,22.55,30.6
969.0,1.41,3.0,14.29,19.0
764.0,1.36,4.0,13.77,25.0
790.0,1.27,2.0,19.77,26.7
452.0,2.0,5.0,21.96,24.4
878.0,1.12,3.0,27.02,30.7
1206.0,2.0,5.0,15.36,26.6
523.0,1.19,2.0,18.88,34.7
1282.0,1.98,4.0,27.96,25.7
749.0,1.42,4.0,27.16,29.8
1415.0,1.49,4.0,14.08,21.9
930.0,2.0,3.0,12.32,19.6
1303.0,0.68,4.0,14.87,10.0
692.0,2.0,3.0,22.14,22.0
1590.0,1.3,4.0,25.52,27.2
960.0,1.39,3.0,17.41,21.0
827.0,1.53,4.0,12.32,25.3
816.0,2.0,3.0,14.23,15.8
524.0,1.14,2.0,17.44,24.3
880.0,1.53,4.0,12.32,21.6
1239.0,0.76,2.0,21.78,15.0
1086.0,1.18,4.0,30.43,32.6
1128.0,1.46,2.0,25.74,26.3
1783.0,2.0,4.0,12.77,18.6
1783.0,1.1,3.0,34.62,31.9
768.0,1.25,4.0,16.06,12.8
993.0,1.6,5.0,24.37,20.2
1141.0,1.58,3.0,12.32,21.2
1006.0,1.77,4.0,13.32,13.1
1107.0,1.52,3.0,36.71,24.9
1368.0,1.38,2.0,17.15,26.0
708.0,1.21,4.0,12.46,14.4
790.0,1.12,4.0,16.18,19.8
868.0,2.0,4.0,21.34,11.4
682.0,1.26,3.0,12.32,25.1
1115.0,1.1,3.0,12.32,25.4
734.0,1.31,2.0,21.57,23.6
940.0,0.72,3.0,12.32,23.5
1281.0,2.0,4.0,14.56,10.9
628.0,1.14,5.0,24.52,19.9
638.0,2.0,4.0,23.96,23.6
608.0,1.41,3.0,27.2,24.3
1116.0,1.44,2.0,21.2,12.0
825.0,1.08,5.0,21.07,28.8
702.0,1.08,3.0,25.59,21.0
1033.0,1.25,4.0,14.61,16.7
1131.0,1.59,3.0,21.91,30.4
722.0,1.59,4.0,12.32,23.7
1403.0,1.03,3.0,14.13,26.1
1159.0,1.28,3.0,12.32,28.1
721.0,0.94,4.0,33.25,23.0
466.0,1.66,2.0,24.61,28.0
443.0,2.0,4.0,12.32,29.6
1404.0,1.98,3.0,13.22,22.0
1311.0,1.02,4.0,12.32,24.6
526.0,2.0,5.0,13.74,15.3
1010.0,2.0,5.0,30.5,18.0
949.0,1.26,2.0,13.53,27.8
1361.0,1.85,4.0,16.04,20.6
993.0,2.0,4.0,15.08,25.6
881.0,1.31,2.0,31.78,10.0
478.0,2.0,3.0,18.57,25.6
617.0,1.62,3.0,16.91,22.4
1106.0,0.89,5.0,15.64,21.4
1266.0,1.37,4.0,23.64,28.6
1144.0,1.82,2.0,18.33,27.2
1293.0,1.1,4.0,19.26,25.7
437.0,1.95,2.0,18.14,19.1
968.0,1.17,5.0,25.66,21.8
1368.0,1.15,4.0,12.32,23.1
676.0,1.31,3.0,19.28,24.8
787.0,1.28,2.0,20.22,26.5
1439.0,1.66,2.0,14.34,12.1
312.0,1.01,4.0,13.16,24.3
1431.0,1.39,3.0,21.51,27.0
488.0,1.79,4.0,17.49,22.9
1379.0,1.21,4.0,22.61,23.3
708.0,1.3,4.0,33.91,15.4
1153.0,2.0,3.0,25.3,28.4
960.0,1.86,4.0,28.07,21.7
600.0,1.53,4.0,25.27,34.4
900.0,1.62,5.0,15.32,13.9
303.0,1.39,2.0,16.91,21.4
1423.0,1.43,3.0,23.55,30.0
556.0,0.96,2.0,14.97,23.3
1129.0,0.68,3.0,19.65,25.5
1148.0,2.0,2.0,19.44,26.6
1389.0,1.1,3.0,18.71,14.4
851.0,1.59,3.0,28.23,33.1
1349.0,2.0,2.0,12.32,18.5
1069.0,1.47,4.0,40.19,21.4
1465.0,0.92,3.0,12.32,29.3
918.0,1.29,2.0,23.89,28.9
1109.0,1.63,2.0,12.64,20.7
1410.0,1.25,4.0,18.28,24.0
934.0,0.94,2.0,30.03,24.7
1013.0,0.97,5.0,25.59,26.7
1186.0,0.63,2.0,20.02,27.1
846.0,0.52,3.0,22.85,16.5
1047.0,1.48,3.0,24.6,15.6
1066.0,1.39,3.0,22.34,14.3
1133.0,0.88,3.0,14.3,24.0
1213.0,1.0,2.0,21.81,13.6
1319.0,2.0,5.0,12.32,26.1
494.0,2.0,3.0,31.28,15.5
682.0,1.29,3.0,16.71,21.9
1185.0,2.0,4.0,14.14,21.4
1151.0,1.51,4.0,28.59,16.8
541.0,1.93,3.0,12.33,17.8
817.0,1.17,3.0,29.64,16.8
1273.0,1.47,4.0,12.35,29.1
1172.0,1.24,3.0,12.32,28.5
1445.0,1.44,3.0,21.16,26.8
1783.0,1.45,2.0,23.56,27.6
962.0,1.64,4.0,20.91,28.8
1303.0,0.85,2.0,30.36,15.2
1098.0,2.0,3.0,12.32,28.2
507.0,1.45,3.0,34.26,23.2
527.0,2.0,4.0,20.47,27.3
1674.0,0.89,3.0,20.75,23.4
964.0,1.93,4.0,19.02,18.8
406.0,1.97,5.0,16.01,29.4
1029.0,1.49,4.0,22.97,30.6
1198.0,0.89,5.0,20.71,17.0
706.0,1.32,2.0,30.5,29.0
699.0,1.72,4.0,19.76,28.3
1163.0,1.71,4.0,15.8,29.8
1074.0,2.0,3.0,19.42,25.8
1159.0,0.9,5.0,14.91,10.0
303.0,1.44,3.0,18.31,28.3
1305.0,1.27,2.0,16.65,12.7
1709.0,1.34,4.0,15.3,24.1
577.0,1.84,4.0,24.9,27.1
924.0,1.67,3.0,13.91,22.6
1582.0,2.0,3.0,21.75,32.7
842.0,1.04,3.0,22.02,20.0
765.0,1.22,2.0,12.32,29.2
860.0,1.45,4.0,12.32,14.9
1082.0,1.25,3.0,18.89,27.5
1640.0,1.19,3.0,15.84,23.8
1178.0,0.99,5.0,12.32,21.2
811.0,1.66,3.0,29.4,16.2
855.0,2.0,2.0,16.53,10.0
458.0,1.19,3.0,14.91,25.7
1187.0,2.0,4.0,23.95,34.5
1184.0,1.02,4.0,13.03,16.5
477.0,1.52,2.0,15.29,21.7
1633.0,1.43,4.0,21.57,30.6
1538.0,1.28,3.0,16.29,23.2
857.0,1.64,4.0,23.64,26.2
1487.0,0.82,4.0,13.29,22.5
879.0,1.55,3.0,17.58,10.0
867.0,2.0,5.0,13.58,29.0
1050.0,1.46,3.0,20.23,10.0
1568.0,1.94,3.0,17.55,26.7
817.0,1.22,4.0,35.87,20.9
840.0,1.29,3.0,18.81,11.9
1248.0,1.3,3.0,26.39,31.9
1302.0,1.19,3.0,28.28,27.7
1205.0,1.95,5.0,12.32,14.6
751.0,1.15,3.0,32.86,17.1
945.0,2.0,4.0,26.19,22.8
1110.0,1.97,4.0,29.32,17.0
1296.0,1.67,3.0,26.88,28.8
949.0,1.45,3.0,30.36,26.9
1112.0,1.6,4.0,19.67,10.0
596.0,1.19,5.0,17.22,15.6
1084.0,1.9,5.0,15.36,20.4
614.0,1.02,4.0,18.86,21.6
831.0,2.0,4.0,24.89,17.3
685.0,1.42,4.0,19.35,23.9
730.0,1.23,2.0,15.39,29.0
621.0,1.95,3.0,20.22,19.9
1219.0,1.46,4.0,24.74,25.8
580.0,0.5,3.0,13.38,20.5
1306.0,1.42,2.0,17.66,26.9
1242.0,1.69,4.0,25.54,29.7
1105.0,1.95,2.0,15.15,29.9
624.0,1.05,3.0,12.47,29.2
691.0,1.07,2.0,34.41,25.2
779.0,1.1,3.0,16.61,23.8
1564.0,1.04,2.0,21.97,19.8
708.0,1.39,3.0,20.42,25.4
1132.0,1.97,4.0,19.54,22.2
474.0,1.91,5.0,12.32,18.2
758.0,1.06,2.0,18.61,17.6
1231.0,1.37,2.0,23.64,26.6
1065.0,2.0,4.0,24.37,16.1
782.0,1.95,3.0,14.27,31.4
1619.0,1.05,5.0,25.06,22.8
1108.0,1.46,3.0,16.06,35.0
1027.0,0.79,2.0,12.98,27.6
860.0,1.46,5.0,20.45,32.4
864.0,0.56,2.0,12.36,27.4
1596.0,1.96,4.0,12.32,22.6
1302.0,1.15,4.0,27.86,35.0
1211.0,1.15,2.0,12.4,25.0
444.0,2.0,5.0,22.6,16.9
964.0,1.24,3.0,15.19,26.0
487.0,1.12,5.0,28.96,33.9
1311.0,1.3,3.0,33.64,25.2
466.0,1.71,3.0,14.67,26.0
785.0,1.29,4.0,14.37,22.5
432.0,1.78,2.0,20.67,27.8
685.0,2.0,3.0,28.27,26.4
1196.0,1.3,4.0,16.86,11.2
1110.0,0.84,3.0,16.04,25.8
786.0,1.51,3.0,19.09,24.6
704.0,0.85,3.0,22.43,21.4
1656.0,0.69,5.0,16.95,24.0
1472.0,2.0,4.0,23.47,27.0
699.0,1.53,3.0,39.35,31.4
1214.0,1.24,3.0,13.25,13.7
919.0,0.96,4.0,12.41,22.3
1362.0,1.52,3.0,14.34,28.8
1114.0,0.58,3.0,23.08,23.3
1460.0,1.48,5.0,18.51,27.2
1751.0,2.0,2.0,32.68,11.1
1083.0,1.34,4.0,18.76,33.1
1223.0,1.8,4.0,17.28,15.4
1073.0,1.36,2.0,21.21,28.2
1436.0,1.94,2.0,12.32,27.4
741.0,1.3,4.0,21.71,24.5
1019.0,1.45,2.0,14.74,14.0
1141.0,1.4,3.0,12.32,23.9
1046.0,1.46,3.0,30.51,24.6
933.0,1.3,2.0,16.4,23.4
1783.0,1.69,3.0,21.86,30.3
715.0,0.95,5.0,17.21,27.3
939.0,1.05,3.0,16.85,17.0
1353.0,0.96,4.0,31.91,29.6
813.0,1.15,3.0,25.59,18.5
1104.0,1.19,4.0,26.23,26.9
727.0,1.52,5.0,15.53,23.5
682.0,0.78,4.0,12.32,25.0
1783.0,0.68,2.0,12.48,19.1
758.0,1.68,3.0,16.11,22.2
698.0,1.39,4.0,20.73,21.3
1256.0,2.0,3.0,12.32,10.5
1117.0,1.93,3.0,12.32,27.1
1564.0,1.18,3.0,21.91,10.0
1285.0,1.1,3.0,21.28,29.8
1044.0,1.42,3.0,12.32,26.0
1108.0,1.79,4.0,42.08,31.5
1179.0,1.78,2.0,17.55,21.1
859.0,1.49,4.0,19.95,22.8
940.0,0.83,5.0,17.99,26.3
1047.0,0.77,3.0,12.32,15.5
775.0,1.14,3.0,13.31,23.7
1298.0,1.32,2.0,16.68,20.1
993.0,2.0,3.0,24.54,34.0
715.0,1.07,4.0,26.53,27.2
731.0,1.79,4.0,13.71,31.7
1068.0,0.86,4.0,19.74,25.0
742.0,2.0,3.0,21.48,26.5
717.0,1.49,4.0,14.13,24.9
1220.0,1.36,3.0,30.18,15.8
1148.0,1.62,4.0,31.34,25.5
766.0,0.84,5.0,16.4,31.9
1063.0,1.21,3.0,23.03,21.2
1361.0,1.61,2.0,13.96,35.0
1261.0,1.2,2.0,20.9,23.2
1175.0,1.24,3.0,15.02,25.6
1783.0,0.62,3.0,24.95,22.9
877.0,2.0,3.0,27.97,29.6
1091.0,2.0,2.0,23.59,27.2
1783.0,2.0,2.0,17.49,24.6
816.0,1.64,3.0,22.1,35.0
669.0,1.44,3.0,12.32,25.1
710.0,0.88,3.0,15.66,14.7
723.0,1.31,4.0,19.2,19.2
1130.0,2.0,5.0,12.32,14.5
1437.0,1.16,2.0,17.53,16.3
533.0,1.78,3.0,26.59,26.4
1408.0,1.16,4.0,14.69,17.4
419.0,1.48,4.0,21.29,13.5
1263.0,0.98,5.0,20.47,27.9
614.0,1.36,3.0,12.32,14.8
1783.0,2.0,4.0,12.32,28.5
642.0,2.0,3.0,28.68,28.8
1048.0,1.24,2.0,23.65,30.4
1043.0,0.85,5.0,20.78,22.8
1131.0,2.0,3.0,18.11,13.1
893.0,1.33,3.0,17.65,28.8
775.0,1.09,4.0,22.74,17.2
1374.0,1.99,3.0,17.74,27.6
843.0,1.63,2.0,18.17,27.1
1470.0,1.1,4.0,19.34,31.7
1187.0,1.16,4.0,12.32,29.1
854.0,1.37,4.0,13.79,14.0
1050.0,2.0,5.0,23.59,26.1
1171.0,1.37,3.0,19.84,10.0
1360.0,1.02,4.0,19.45,22.0
1783.0,1.37,4.0,15.52,16.9
614.0,1.4,2.0,33.21,29.3
1783.0,1.88,4.0,12.32,19.2
915.0,1.38,4.0,18.17,10.0
1375.0,1.09,2.0,19.69,28.1
1608.0,1.38,5.0,20.83,13.0
676.0,1.44,4.0,16.6,24.3
952.0,1.45,4.0,17.29,29.6
984.0,1.12,4.0,19.87,25.6
1114.0,1.7,4.0,32.81,31.4
962.0,1.09,5.0,12.32,25.0
1783.0,1.47,5.0,20.31,26.9
999.0,1.45,3.0,25.09,22.5
1229.0,1.92,4.0,14.24,13.8
567.0,1.61,3.0,19.29,16.3
1725.0,1.18,2.0,15.44,26.1
1156.0,1.39,5.0,23.79,26.0
649.0,1.49,3.0,29.5,31.8
1480.0,1.28,3.0,21.42,19.9
1266.0,1.32,4.0,12.32,22.7
837.0,1.51,3.0,16.63,29.4
887.0,1.91,3.0,19.05,31.7
816.0,2.0,2.0,22.13,25.2
1276.0,1.01,4.0,13.89,16.7
1213.0,2.0,4.0,25.35,24.3
335.0,1.18,2.0,20.94,28.3
792.0,0.97,3.0,24.41,23.0
570.0,1.45,4.0,12.48,26.1
771.0,1.13,4.0,12.32,11.5
1098.0,0.85,4.0,28.14,13.9
1382.0,1.04,2.0,16.61,29.8
1048.0,1.18,5.0,18.37,14.2
495.0,1.67,3.0,19.29,10.0
990.0,1.46,2.0,12.9,21.1
1013.0,1.41,3.0,14.42,11.6
1267.0,1.22,3.0,18.19,21.8
918.0,1.48,5.0,21.77,21.5
999.0,1.56,5.0,31.52,24.2
1040.0,1.39,2.0,27.49,29.0
1291.0,0.96,2.0,12.37,13.8
1628.0,1.35,5.0,15.13,21.0
683.0,1.64,4.0,22.33,23.9
1486.0,1.64,2.0,21.59,24.4
1249.0,0.56,3.0,16.94,10.0
1050.0,1.57,4.0,23.0,24.5
1180.0,1.41,3.0,17.84,24.4
804.0,1.55,3.0,18.46,25.5
1221.0,1.51,5.0,12.32,19.2
505.0,1.4,5.0,12.34,29.5
927.0,1.32,3.0,23.11,26.8
606.0,1.37,2.0,21.59,23.8
436.0,1.55,3.0,13.85,20.9
1246.0,2.0,3.0,19.74,10.0
1309.0,2.0,2.0,12.32,27.9
899.0,0.94,3.0,17.15,29.8
613.0,1.2,4.0,29.56,22.2
1350.0,1.78,3.0,16.62,23.6
1276.0,1.97,3.0,20.81,26.1
719.0,1.3,4.0,12.32,21.6
913.0,1.42,3.0,17.82,30.7
1283.0,1.57,3.0,17.92,17.8
857.0,0.83,4.0,17.8,27.3
776.0,1.15,4.0,22.98,18.7
1103.0,1.46,4.0,23.85,26.7
864.0,2.0,3.0,17.03,20.4
758.0,1.81,3.0,14.58,23.9
684.0,1.91,3.0,12.32,18.2
726.0,1.41,2.0,32.62,28.0
1132.0,1.98,3.0,16.6,14.7
850.0,1.53,4.0,15.4,10.0
1056.0,1.93,4.0,24.44,22.1
1481.0,1.46,5.0,20.2,23.0
1384.0,1.42,4.0,20.89,25.6
1183.0,2.0,3.0,19.28,24.3
923.0,1.22,3.0,17.49,27.2
1261.0,1.28,4.0,39.61,17.1
1306.0,2.0,4.0,14.46,32.0
820.0,1.34,4.0,27.63,23.5
1177.0,1.4,3.0,12.32,30.0
1694.0,1.43,3.0,15.73,25.9
838.0,1.19,2.0,14.81,12.1
797.0,1.23,2.0,12.32,27.2
1303.0,1.38,2.0,22.82,29.8
670.0,1.93,4.0,20.85,10.0
892.0,1.28,4.0,12.32,19.8
845.0,1.0,4.0,22.0,24.5
669.0,1.04,2.0,15.05,30.2
674.0,0.72,2.0,34.98,31.7
829.0,1.16,4.0,19.2,23.7
974.0,1.41,4.0,13.04,22.1
780.0,1.28,4.0,30.92,23.6
906.0,1.26,4.0,18.21,23.9
1326.0,1.6,5.0,14.25,30.5
1178.0,1.83,2.0,24.05,24.0
954.0,1.29,2.0,21.66,32.0
1150.0,1.12,5.0,12.32,13.4
1590.0,1.03,2.0,21.88,29.7
1137.0,0.94,2.0,12.32,19.6
1353.0,1.65,4.0,22.31,24.4
625.0,1.82,4.0,24.72,28.5
1407.0,1.5,5.0,43.3,18.0
1389.0,1.07,4.0,18.54,24.6
773.0,1.82,4.0,14.62,22.3
972.0,1.9,2.0,15.86,27.8
486.0,1.31,2.0,25.85,26.1
1286.0,1.46,2.0,15.27,27.6
1089.0,1.13,4.0,28.29,26.7
1096.0,1.34,4.0,25.58,20.9
724.0,0.52,5.0,12.85,25.3
1770.0,1.29,3.0,17.75,23.1
574.0,1.47,4.0,14.96,26.3
1571.0,2.0,3.0,15.96,10.0
1476.0,1.53,4.0,13.81,25.1
1121.0,0.92,4.0,16.0,22.4
1651.0,1.51,3.0,21.58,32.4
441.0,1.18,3.0,21.34,18.7
984.0,1.22,3.0,32.82,12.5
368.0,1.9,5.0,23.57,28.1
771.0,0.89,4.0,12.32,23.8
846.0,1.28,3.0,12.32,23.5
992.0,0.58,4.0,14.72,10.0
408.0,0.72,5.0,25.26,32.4
420.0,0.84,4.0,12.32,24.9
1175.0,1.14,5.0,16.95,20.9
1063.0,1.49,3.0,25.33,30.5
963.0,1.42,3.0,26.3,21.3
1047.0,1.99,4.0,12.32,27.4
737.0,1.66,4.0,17.16,25.3
1084.0,2.0,3.0,19.76,24.1
984.0,0.89,2.0,23.76,27.3
813.0,1.49,2.0,22.08,23.3
1436.0,1.5,3.0,28.61,15.0
1184.0,0.82,2.0,19.39,16.7
801.0,1.39,2.0,15.62,29.0
871.0,1.37,4.0,18.69,10.0
880.0,0.5,4.0,21.61,22.3
1137.0,2.0,2.0,15.04,17.4
1092.0,1.25,5.0,17.68,27.7
1367.0,1.51,3.0,25.4,14.5
1204.0,1.07,2.0,13.44,27.6
1205.0,1.68,4.0,34.99,20.9
1507.0,1.13,5.0,12.32,29.1
645.0,2.0,5.0,27.94,27.0
1128.0,1.48,4.0,22.28,25.3
1088.0,1.33,4.0,17.26,11.9
1783.0,1.2,3.0,26.22,23.2
1146.0,1.2,4.0,19.64,25.2
1014.0,1.58,5.0,22.49,24.0
574.0,1.14,4.0,16.69,25.3
995.0,1.58,4.0,19.02,24.0
886.0,0.9,2.0,19.41,25.1
870.0,2.0,3.0,17.77,18.7
1149.0,1.48,5.0,18.48,10.0
1721.0,1.5,5.0,33.3,25.0
928.0,1.22,3.0,23.17,27.4
303.0,1.64,3.0,12.32,29.8
1153.0,1.44,2.0,20.4,27.5
1118.0,1.85,3.0,17.39,28.5
612.0,1.11,2.0,20.62,24.0
1386.0,2.0,3.0,18.0,23.6
1783.0,0.5,4.0,23.47,21.8
1175.0,1.03,4.0,19.44,32.2
1153.0,1.42,3.0,36.55,27.6
1267.0,0.57,4.0,12.32,21.4
375.0,1.23,5.0,14.06,29.4
1405.0,1.19,2.0,12.32,33.8
968.0,1.55,4.0,21.87,32.2
493.0,1.27,3.0,12.42,23.5
1239.0,1.28,4.0,19.27,24.5
1420.0,1.24,5.0,13.37,14.5
536.0,0.84,3.0,12.32,12.1
766.0,2.0,3.0,12.32,27.3
1024.0,1.41,4.0,13.22,28.9
878.0,1.99,2.0,13.42,21.7
1030.0,0.95,3.0,21.54,14.8
606.0,1.61,2.0,17.91,12.0
772.0,0.78,3.0,20.37,23.5
564.0,1.44,3.0,21.36,22.1
888.0,0.85,3.0,29.89,16.2
1783.0,0.74,3.0,14.27,27.9
765.0,2.0,4.0,21.96,23.3
1576.0,1.25,2.0,19.62,28.9
723.0,1.41,5.0,32.75,17.2
1482.0,0.92,2.0,18.99,25.5
1151.0,0.6,2.0,12.32,15.5
972.0,1.67,2.0,15.66,14.1
732.0,0.83,2.0,24.77,22.7
834.0,1.28,4.0,22.2,21.0
1108.0,2.0,4.0,26.74,18.0
535.0,1.96,4.0,23.62,23.4
1046.0,1.23,5.0,14.53,25.2
767.0,2.0,4.0,12.32,25.8
971.0,1.15,5.0,28.26,22.4
1105.0,1.11,3.0,16.85,23.4
1259.0,2.0,3.0,24.75,28.8
1285.0,2.0,3.0,15.69,27.2
897.0,1.97,5.0,18.2,10.7
1109.0,1.2,3.0,25.41,24.7
1292.0,1.22,3.0,19.35,26.8
804.0,1.43,2.0,17.61,23.5
1044.0,1.23,4.0,31.33,26.9
1382.0,1.66,4.0,23.14,18.5
1256.0,1.43,5.0,27.51,27.1
921.0,0.98,4.0,14.0,26.5
863.0,2.0,3.0,24.7,25.2
855.0,2.0,5.0,14.33,16.3
925.0,1.29,2.0,40.08,22.3
1461.0,1.47,2.0,28.49,16.5
466.0,2.0,4.0,30.69,16.7
1076.0,0.98,4.0,16.49,24.6
480.0,1.38,3.0,38.83,22.4
706.0,1.31,2.0,14.05,25.7
808.0,0.99,3.0,18.29,23.5
1153.0,1.51,4.0,16.16,24.9
996.0,1.38,2.0,21.98,23.5
828.0,1.18,3.0,21.88,16.1
1029.0,1.07,5.0,15.93,29.2
1001.0,1.68,4.0,22.3,27.4
1126.0,2.0,4.0,13.63,29.7
708.0,1.46,3.0,12.32,25.2
985.0,1.01,2.0,24.07,30.1
577.0,1.43,4.0,17.39,20.0
647.0,1.99,5.0,16.26,23.2
1263.0,1.68,3.0,14.62,15.3
1609.0,1.47,4.0,26.3,32.5
1018.0,1.15,3.0,16.52,24.2
1009.0,1.79,3.0,19.41,30.5
1462.0,2.0,4.0,26.9,21.8
1321.0,1.84,4.0,12.97,26.6
977.0,1.14,4.0,25.05,32.4
1703.0,1.26,4.0,17.99,15.2
1295.0,1.54,3.0,25.4,17.1
1130.0,1.54,3.0,22.56,29.6
1783.0,1.95,2.0,16.41,29.4
1396.0,2.0,2.0,28.26,24.1
950.0,2.0,4.0,17.53,23.0
1080.0,1.23,3.0,22.26,15.9
686.0,1.43,3.0,33.24,34.8
826.0,1.03,2.0,18.24,33.7
587.0,1.61,3.0,12.32,20.8
752.0,1.34,3.0,15.23,13.6
501.0,1.4,2.0,24.84,12.0
1121.0,1.59,2.0,14.1,22.6
854.0,1.7,2.0,12.47,24.0
664.0,0.9,2.0,34.85,10.0
904.0,1.34,3.0,16.34,30.2
869.0,0.96,5.0,15.01,30.1
1380.0,2.0,3.0,13.2,28.6
1386.0,1.3,3.0,15.63,16.9
1741.0,1.65,4.0,12.32,23.2
303.0,1.56,5.0,29.68,16.8
1376.0,1.35,3.0,20.29,25.9
582.0,1.96,3.0,28.07,26.2
786.0,2.0,2.0,22.4,27.5
1117.0,0.98,5.0,26.75,20.7
1071.0,1.89,5.0,19.64,25.8
759.0,0.91,3.0,18.88,24.5
1144.0,1.52,2.0,14.43,22.0
1152.0,1.47,5.0,22.67,28.9
1040.0,1.17,2.0,17.57,24.6
350.0,1.56,4.0,14.27,23.4
802.0,1.16,4.0,14.29,22.1
1221.0,0.92,3.0,30.03,32.9
1766.0,1.1,3.0,32.14,22.5
1058.0,1.44,4.0,27.54,32.2
606.0,0.84,3.0,28.19,25.7
1455.0,2.0,3.0,12.78,28.0
1230.0,1.45,2.0,23.62,14.8
1247.0,0.7,3.0,27.91,25.4
1208.0,0.66,3.0,12.44,25.6
1672.0,0.99,2.0,17.59,28.6
1277.0,1.44,5.0,14.09,26.2
953.0,1.32,4.0,13.6,10.0
979.0,1.71,3.0,24.1,23.7
1002.0,1.27,3.0,15.66,28.2
1225.0,1.06,4.0,12.32,27.6
1108.0,0.93,2.0,12.32,27.3
758.0,1.4,4.0,23.85,25.6
1030.0,2.0,4.0,17.25,22.8
1113.0,1.45,4.0,23.21,10.0
1337.0,1.77,4.0,23.2,25.5
1289.0,1.01,2.0,24.94,30.1
918.0,1.25,3.0,14.58,29.7
1155.0,1.4,2.0,17.74,26.9
367.0,1.05,3.0,33.26,23.1
1019.0,1.16,3.0,16.37,19.6
1238.0,1.15,4.0,19.95,25.1
1143.0,1.46,3.0,26.47,31.8
1474.0,1.26,4.0,33.85,11.7
1709.0,1.47,4.0,12.32,29.6
1656.0,1.98,4.0,33.87,18.2
978.0,1.2,3.0,21.69,17.0
416.0,2.0,2.0,34.32,31.9
862.0,0.72,4.0,17.26,24.4
1001.0,1.33,2.0,17.74,23.8
1181.0,2.0,3.0,31.92,23.5
608.0,1.03,4.0,20.8,19.7
1337.0,2.0,3.0,14.17,32.9
1297.0,1.94,3.0,14.53,28.6
1642.0,1.45,3.0,17.03,28.2
941.0,1.1,3.0,13.72,11.5
991.0,1.23,5.0,13.82,14.5
1441.0,0.89,2.0,19.82,22.0
629.0,1.11,5.0,20.56,24.2
1121.0,1.05,5.0,28.92,24.0
733.0,1.17,3.0,14.88,23.8
1783.0,1.34,4.0,21.26,11.5
917.0,1.27,4.0,28.45,27.1
943.0,0.89,4.0,26.89,23.7
314.0,1.27,5.0,21.76,30.8
944.0,0.86,5.0,19.67,31.1
1741.0,1.37,4.0,30.73,16.9
1232.0,1.02,3.0,32.75,27.9
1166.0,1.33,3.0,18.7,33.3
712.0,1.5,2.0,17.06,13.2
1001.0,1.64,4.0,17.27,18.6
1277.0,0.94,3.0,16.29,14.1
1005.0,2.0,4.0,19.91,25.9
1104.0,1.17,3.0,14.86,15.4
715.0,1.34,2.0,23.25,25.2
947.0,1.05,3.0,17.28,22.6
933.0,0.58,4.0,22.45,20.0
796.0,1.46,4.0,22.23,10.0
1240.0,1.2,3.0,28.03,10.0
1371.0,0.76,2.0,15.43,29.7
1009.0,2.0,3.0,12.84,29.4
361.0,1.22,2.0,17.17,27.4
953.0,1.48,3.0,26.79,24.5
881.0,1.93,2.0,23.54,10.0
911.0,1.28,4.0,15.42,27.2
1443.0,0.98,4.0,20.6,31.4
1200.0,1.27,4.0,17.33,23.1
848.0,1.57,5.0,12.87,26.6
571.0,1.62,4.0,12.32,27.2
1286.0,1.6,5.0,12.32,29.0
1075.0,1.65,2.0,18.41,25.1
1088.0,1.48,5.0,24.23,25.1
1364.0,1.49,3.0,21.89,28.7
1345.0,1.56,4.0,19.34,25.3
1586.0,1.29,3.0,22.45,18.9
1133.0,1.0,5.0,21.42,21.1
708.0,1.13,5.0,12.32,26.5
505.0,1.26,2.0,28.6,22.8
883.0,2.0,3.0,20.06,30.8
1070.0,1.57,3.0,37.33,21.3
833.0,2.0,3.0,12.32,17.8
815.0,1.32,4.0,20.66,20.7
1783.0,1.49,4.0,22.09,24.9
1190.0,1.25,3.0,26.98,31.7
1783.0,2.0,3.0,22.75,20.5
1014.0,0.79,4.0,13.25,21.8
1175.0,1.35,2.0,39.84,28.1
808.0,0.82,2.0,26.5,28.4
1306.0,1.51,3.0,12.32,28.8
1556.0,0.95,4.0,19.94,26.0
828.0,1.51,2.0,30.83,20.0
569.0,0.99,4.0,28.52,27.9
827.0,1.97,4.0,18.72,14.4
577.0,1.45,3.0,13.74,24.8
823.0,1.93,3.0,22.78,23.4
680.0,1.65,3.0,37.62,24.1
829.0,1.22,3.0,21.52,14.9
373.0,0.86,4.0,29.27,17.9
976.0,0.74,4.0,12.32,17.7
1165.0,0.5,2.0,22.89,26.1
1395.0,1.82,4.0,12.32,23.2
466.0,1.38,4.0,15.7,29.9
963.0,1.11,2.0,17.89,17.6
677.0,1.12,2.0,39.72,27.6
1180.0,1.38,2.0,12.32,24.9
933.0,1.78,4.0,16.0,25.2
1093.0,1.43,5.0,21.11,25.2
862.0,1.87,3.0,12.32,23.1
1123.0,1.64,4.0,17.77,17.3
517.0,2.0,4.0,12.32,12.8
1157.0,1.46,4.0,32.29,27.9
926.0,1.54,2.0,12.32,25.3
694.0,0.88,3.0,16.45,30.5
1145.0,0.97,2.0,16.63,23.7
748.0,0.94,4.0,24.29,21.7
1236.0,1.51,3.0,39.07,33.9
1143.0,1.64,3.0,19.15,24.0
1753.0,1.89,5.0,15.24,10.0
744.0,1.17,4.0,20.15,21.6
1139.0,0.94,2.0,18.97,25.9
972.0,1.68,3.0,16.6,25.0
1083.0,0.97,4.0,12.32,30.4
1233.0,1.29,2.0,15.38,34.0
840.0,1.2,2.0,12.32,19.3
917.0,0.85,2.0,18.27,29.4
1710.0,1.55,4.0,17.34,26.5
1081.0,1.5,4.0,12.32,26.2
788.0,2.0,3.0,16.24,13.3
1760.0,1.88,4.0,17.69,35.0
804.0,0.63,5.0,14.26,25.6
1381.0,2.0,3.0,21.82,23.1
1534.0,0.75,4.0,22.21,33.1
1279.0,1.46,3.0,12.38,31.4
945.0,1.24,2.0,25.15,10.0
1194.0,1.33,4.0,12.32,22.7
1285.0,1.75,2.0,14.32,23.9
1506.0,1.38,4.0,19.63,26.0
499.0,1.69,3.0,21.37,14.6
1011.0,1.13,4.0,14.92,28.8
1086.0,1.27,3.0,16.37,24.6
900.0,1.04,3.0,33.56,25.1
1142.0,1.16,5.0,12.32,23.0
686.0,1.53,2.0,13.85,16.3
819.0,1.21,3.0,15.16,29.4
916.0,1.94,2.0,12.32,17.2
851.0,1.65,3.0,12.32,28.8
634.0,1.25,4.0,17.25,29.3
874.0,0.89,3.0,27.19,10.2
1465.0,0.85,3.0,17.45,30.4
900.0,1.63,2.0,18.23,25.2
494.0,2.0,4.0,20.81,27.9
1497.0,1.27,4.0,12.46,27.1
877.0,0.73,4.0,27.67,18.1
733.0,1.07,3.0,12.87,28.6
497.0,1.0,2.0,23.07,29.7
1273.0,1.54,3.0,12.32,24.2
849.0,1.63,4.0,17.55,22.5
1783.0,2.0,2.0,15.2,27.3
733.0,1.66,4.0,25.06,35.0
738.0,1.07,4.0,15.31,31.7
753.0,1.13,4.0,16.39,33.8
842.0,1.08,2.0,12.32,33.0
1237.0,0.74,3.0,17.09,24.7
1099.0,1.1,5.0,25.52,21.7
963.0,0.86,4.0,21.42,16.9
619.0,1.94,5.0,21.16,21.9
1783.0,1.33,4.0,14.94,24.7
729.0,0.5,3.0,12.32,32.5
1058.0,1.57,4.0,25.45,17.8
1278.0,1.18,3.0,18.59,19.9
1593.0,1.09,4.0,23.89,23.7
1643.0,1.21,2.0,21.72,26.9
659.0,1.4,4.0,27.02,32.1
1015.0,2.0,4.0,20.82,30.6
1108.0,1.02,3.0,14.19,24.0
785.0,0.73,4.0,12.46,24.0
976.0,1.44,2.0,26.6,28.2
438.0,1.25,4.0,30.85,22.7
758.0,1.1,4.0,31.04,10.5
770.0,1.21,2.0,16.06,25.3
943.0,1.1,3.0,21.87,24.8
1079.0,1.35,4.0,21.29,31.4
1211.0,1.87,2.0,15.07,23.8
1385.0,1.62,5.0,20.92,10.0
1238.0,0.86,4.0,34.18,20.6
945.0,1.19,2.0,19.47,24.6
406.0,1.79,3.0,31.31,27.7
1001.0,1.18,4.0,20.0,23.9
1012.0,1.39,4.0,13.81,23.7
1186.0,1.21,3.0,12.66,17.6
1154.0,0.81,4.0,20.1,15.2
1179.0,1.59,3.0,37.5,29.7
1251.0,1.46,4.0,18.23,25.7
1392.0,1.12,3.0,29.87,11.9
794.0,1.28,3.0,22.58,14.5
484.0,1.24,4.0,12.45,24.1
1065.0,1.53,4.0,18.89,24.0
669.0,1.09,3.0,12.32,16.7
1783.0,1.37,3.0,16.6,28.5
1415.0,1.14,5.0,28.47,20.9
705.0,1.47,4.0,19.22,32.0
1082.0,2.0,2.0,21.68,29.8
1039.0,1.22,4.0,20.51,17.3
992.0,0.79,4.0,18.9,10.0
1624.0,1.5,2.0,15.46,14.2
1339.0,1.46,4.0,12.32,25.2
1064.0,0.94,2.0,19.32,31.7
1132.0,1.45,3.0,23.33,27.9
804.0,1.48,4.0,34.06,21.5
858.0,2.0,3.0,19.23,25.6
1287.0,1.6,5.0,22.99,27.6
548.0,1.11,3.0,17.54,34.9
354.0,1.4,2.0,31.75,10.0
1260.0,0.87,3.0,12.68,27.8
1783.0,2.0,3.0,38.34,26.5
1148.0,1.09,4.0,13.15,15.1
501.0,1.32,3.0,18.29,25.4
671.0,1.29,2.0,14.68,21.4
445.0,1.67,4.0,25.28,23.9
1080.0,0.86,3.0,16.46,24.1
909.0,1.22,2.0,21.75,21.4
1275.0,1.47,5.0,14.59,24.1
1307.0,1.49,2.0,15.39,17.0
1093.0,1.15,3.0,14.89,27.4
1098.0,1.37,2.0,15.45,28.5
574.0,1.52,4.0,20.61,27.6
983.0,1.3,3.0,22.21,29.9
954.0,1.59,5.0,16.06,17.8
1184.0,1.45,5.0,18.01,10.0
684.0,2.0,3.0,21.27,27.4
1049.0,1.97,4.0,23.32,22.9
921.0,0.9,5.0,20.03,25.8
1391.0,1.86,5.0,16.38,33.0
987.0,2.0,5.0,19.11,13.6
729.0,1.04,3.0,18.32,14.2
1063.0,1.2,3.0,12.32,26.6
1332.0,1.86,4.0,30.42,30.9
716.0,1.4,4.0,20.16,30.6
864.0,0.5,3.0,20.42,24.9
926.0,1.12,4.0,12.32,26.5
1144.0,1.55,2.0,23.34,30.0
881.0,1.66,3.0,12.32,24.1
691.0,1.28,2.0,15.67,24.0
1098.0,0.84,5.0,24.26,24.5
573.0,1.41,3.0,21.54,22.7
929.0,1.44,2.0,16.09,23.8
1122.0,1.83,4.0,16.99,22.1
1015.0,0.77,4.0,12.32,18.8
640.0,0.95,5.0,21.01,11.2
492.0,1.48,3.0,19.23,27.7
1049.0,1.12,4.0,30.72,25.1
1201.0,1.3,2.0,15.79,23.2
821.0,1.33,4.0,22.89,23.6
690.0,1.18,4.0,17.99,26.1
744.0,1.18,2.0,23.0,26.8
1159.0,2.0,4.0,22.27,29.2
648.0,1.28,2.0,18.88,25.4
1386.0,1.39,3.0,32.24,28.9
1140.0,1.48,4.0,28.7,23.6
1088.0,1.77,2.0,21.8,13.8
901.0,1.4,4.0,13.7,20.6
594.0,1.1,3.0,17.03,23.2
658.0,1.48,4.0,24.65,18.9
1239.0,1.34,4.0,22.21,31.5
1130.0,2.0,3.0,32.94,27.3
389.0,1.21,3.0,24.94,25.8
1140.0,1.71,4.0,28.3,10.9
1381.0,1.53,2.0,23.32,30.3
926.0,2.0,3.0,38.8,22.0
1174.0,1.66,2.0,15.29,22.9
1227.0,0.62,2.0,19.83,23.8
494.0,1.85,4.0,16.48,25.8
747.0,1.02,5.0,20.78,30.2
898.0,2.0,3.0,14.53,24.6
770.0,1.11,3.0,30.5,22.9
898.0,1.74,3.0,46.78,30.0
602.0,2.0,3.0,31.97,28.0
1057.0,2.0,3.0,24.12,27.6
997.0,1.19,3.0,31.83,25.7
900.0,1.19,5.0,19.76,13.7
1418.0,1.42,2.0,14.84,28.6
613.0,1.11,2.0,31.55,18.2
793.0,1.62,4.0,23.84,24.2
681.0,1.26,3.0,20.02,29.4
1267.0,1.24,3.0,14.38,24.8
1135.0,1.14,3.0,12.32,24.8
1011.0,1.01,3.0,17.0,27.3
891.0,1.27,3.0,22.67,28.0
413.0,1.59,2.0,14.47,23.1
927.0,1.35,4.0,16.23,18.1
625.0,1.45,3.0,23.16,27.4
803.0,2.0,2.0,12.56,23.2
1260.0,1.24,4.0,23.68,23.0
933.0,1.79,4.0,12.32,24.1
1392.0,1.19,3.0,14.97,22.9
995.0,1.38,4.0,24.56,17.8
1643.0,1.38,5.0,16.55,14.9
1265.0,1.02,5.0,12.32,30.8
303.0,1.28,3.0,17.95,25.0
1216.0,0.99,3.0,16.0,27.0
993.0,1.85,2.0,22.21,24.9
1699.0,1.46,4.0,19.63,28.1
1382.0,1.54,5.0,12.32,22.6
1245.0,1.62,4.0,22.71,26.8
1103.0,0.73,3.0,30.52,22.1
663.0,1.49,3.0,12.32,24.0
925.0,1.95,3.0,20.05,10.0
1266.0,0.54,4.0,12.32,23.1
1321.0,1.43,4.0,13.51,26.6
1177.0,1.15,4.0,30.72,16.9
1226.0,1.54,3.0,24.85,25.0
1724.0,2.0,3.0,23.63,26.7
1382.0,1.3,2.0,34.48,20.5
1287.0,1.27,2.0,22.88,21.5
1045.0,1.14,3.0,30.23,20.5
576.0,1.58,3.0,16.15,23.3
806.0,1.34,2.0,12.32,24.1
1223.0,1.11,4.0,15.25,23.8
571.0,1.05,5.0,14.26,27.0
1505.0,1.99,4.0,17.36,27.5
453.0,2.0,2.0,22.88,31.2
1305.0,1.09,2.0,12.89,21.8
812.0,1.34,4.0,13.34,16.6
1171.0,1.3,3.0,19.98,19.7
572.0,1.5,4.0,25.64,25.1
1021.0,1.29,3.0,12.32,29.8
1531.0,0.97,3.0,14.27,33.1
829.0,0.82,3.0,16.67,24.6
887.0,1.38,2.0,25.15,16.3
670.0,1.36,3.0,16.72,28.9
955.0,1.51,4.0,16.09,10.0
1305.0,0.71,2.0,27.31,15.6
1747.0,2.0,4.0,22.68,25.5
1517.0,1.48,2.0,18.45,25.8
889.0,0.83,4.0,13.4,10.0
1355.0,1.38,3.0,12.32,10.0
984.0,1.92,4.0,19.05,20.8
1108.0,1.04,2.0,22.63,27.3
1015.0,1.59,3.0,25.02,15.0
723.0,2.0,3.0,22.56,20.3
697.0,1.2,4.0,19.04,25.2
1272.0,1.28,3.0,18.38,19.2
457.0,1.33,4.0,12.32,26.5
1091.0,1.41,4.0,18.43,31.1
781.0,1.48,3.0,12.32,19.4
572.0,1.29,4.0,17.33,20.8
717.0,2.0,4.0,13.72,20.6
448.0,1.36,5.0,23.19,24.9
1631.0,1.22,4.0,12.32,23.3
596.0,1.45,3.0,15.21,25.6
1061.0,1.01,4.0,14.63,10.0
770.0,1.07,3.0,12.51,22.5
783.0,1.33,2.0,18.71,27.1
1113.0,1.85,3.0,16.37,16.8
809.0,1.96,3.0,17.02,26.2
830.0,2.0,4.0,18.25,14.1
1331.0,1.04,2.0,43.74,27.0
1025.0,1.22,2.0,23.28,22.7
384.0,1.41,3.0,32.64,22.0
1057.0,1.5,2.0,30.41,25.2
784.0,0.8,3.0,22.37,35.0
1120.0,1.21,4.0,27.76,34.6
914.0,1.53,3.0,13.01,16.7
880.0,1.05,2.0,12.32,12.5
865.0,1.0,3.0,21.49,34.8
882.0,0.68,4.0,12.32,28.9
1384.0,1.15,3.0,21.08,31.1
1358.0,1.16,4.0,12.32,33.9
1380.0,1.76,5.0,29.89,21.5
400.0,1.32,4.0,18.18,19.5
1339.0,1.33,2.0,15.95,29.1
601.0,1.02,5.0,46.11,17.7
555.0,1.96,3.0,28.64,25.3
716.0,1.57,5.0,26.5,21.0
1556.0,1.29,2.0,17.38,22.5
840.0,1.99,4.0,27.14,20.2
667.0,0.97,4.0,12.32,15.9
1783.0,1.97,4.0,15.83,24.9
1217.0,1.46,5.0,12.99,31.3
1065.0,1.71,3.0,23.25,26.6
966.0,1.26,2.0,31.41,26.1
1262.0,1.08,4.0,28.07,24.7
1662.0,0.53,3.0,39.54,24.2
539.0,0.95,4.0,17.55,35.0
589.0,0.77,2.0,29.09,16.4
689.0,1.05,3.0,18.31,28.3
622.0,0.75,2.0,13.34,28.0
665.0,1.24,2.0,14.93,24.1
745.0,2.0,4.0,15.74,28.2
1246.0,1.06,2.0,15.5,21.1
748.0,2.0,4.0,12.48,15.3
957.0,1.43,4.0,13.47,25.8
1610.0,1.24,2.0,20.05,30.1
901.0,1.94,4.0,13.32,23.2
1213.0,1.49,2.0,18.68,28.7
1172.0,2.0,2.0,23.47,27.8
1259.0,0.77,4.0,26.13,20.1
1119.0,2.0,2.0,26.86,17.7
875.0,1.97,4.0,13.87,29.0
1335.0,1.11,5.0,18.3,18.6
626.0,1.4,2.0,24.35,25.9
1099.0,1.85,2.0,15.78,32.6
1008.0,1.59,3.0,44.77,21.1
1137.0,1.38,2.0,20.91,18.3
1177.0,0.87,3.0,12.32,28.1
875.0,1.48,5.0,24.29,29.7
399.0,1.24,3.0,31.33,23.9
699.0,1.27,3.0,17.6,24.2
1197.0,1.34,3.0,14.99,19.5
1421.0,1.06,4.0,25.22,24.6
1783.0,1.17,3.0,30.92,21.0
1709.0,0.87,4.0,14.83,20.2
1246.0,1.56,4.0,15.53,24.6
957.0,2.0,4.0,12.32,31.0
530.0,1.73,2.0,23.74,18.7
1262.0,1.28,4.0,16.45,22.0
1042.0,2.0,2.0,21.79,22.4
803.0,1.4,4.0,21.83,17.0
512.0,1.66,3.0,20.39,12.3
785.0,1.48,4.0,21.96,30.2
511.0,1.1,4.0,18.75,20.6
1186.0,1.17,3.0,14.37,24.2
1043.0,1.35,4.0,22.34,27.1
1053.0,1.39,4.0,16.34,22.1
1032.0,1.49,5.0,18.29,30.6
1124.0,1.34,2.0,20.18,10.0
1066.0,1.54,2.0,29.56,16.6
958.0,1.3,3.0,12.66,20.5
1092.0,1.16,4.0,23.82,32.1
1783.0,1.27,4.0,12.32,12.6
1107.0,2.0,3.0,14.4,24.3
958.0,2.0,3.0,36.72,14.9
624.0,1.38,4.0,19.11,20.8
1333.0,1.57,2.0,12.32,23.5
912.0,0.96,3.0,15.29,26.3
911.0,1.1,5.0,19.6,21.4
1596.0,0.62,2.0,16.7,35.0
1006.0,0.72,4.0,17.76,33.2
1321.0,1.42,4.0,16.62,16.3
1178.0,1.22,4.0,17.87,14.6
1285.0,1.55,4.0,14.93,26.2
903.0,1.7,4.0,22.39,12.8
704.0,1.49,4.0,23.79,15.4
900.0,0.9,4.0,28.66,24.4
872.0,1.1,4.0,19.14,19.1
1326.0,1.23,2.0,16.1,21.2
801.0,1.44,5.0,17.04,24.6
1116.0,1.55,2.0,14.69,32.2
462.0,1.78,3.0,20.09,27.2
877.0,0.91,4.0,28.16,24.8
1200.0,1.5,4.0,13.11,23.7
1033.0,1.02,4.0,21.86,23.7
1078.0,1.31,3.0,14.92,10.0
1064.0,1.28,3.0,19.45,32.5
1355.0,1.29,4.0,15.63,26.8
827.0,1.3,3.0,30.63,23.8
1145.0,1.59,2.0,14.72,21.3
655.0,1.09,3.0,21.18,34.4
969.0,1.1,2.0,16.98,25.3
1418.0,2.0,2.0,20.41,32.2
1631.0,1.61,3.0,30.84,23.4
1515.0,1.12,3.0,16.46,25.9
1071.0,0.86,3.0,17.75,21.9
935.0,1.52,3.0,14.55,22.0
968.0,2.0,5.0,14.77,17.3
990.0,1.52,3.0,20.15,26.7
1573.0,1.43,4.0,20.43,35.0
1545.0,1.55,3.0,35.01,26.5
1417.0,2.0,4.0,14.95,26.7
1538.0,1.73,3.0,13.97,26.4
810.0,1.38,3.0,29.34,24.7
693.0,1.82,4.0,20.3,10.0
1081.0,1.37,5.0,21.14,28.6
514.0,1.31,3.0,12.32,26.3
1002.0,1.32,5.0,16.27,26.0
947.0,2.0,5.0,24.18,31.1
954.0,1.67,3.0,21.98,17.9
1376.0,1.51,2.0,12.32,29.8
1032.0,2.0,5.0,17.64,23.1
911.0,1.43,3.0,18.95,35.0
1231.0,2.0,4.0,36.26,32.2
807.0,1.04,3.0,13.05,24.1
1017.0,1.32,4.0,29.04,27.6
984.0,1.43,3.0,25.52,25.0
1589.0,1.33,2.0,18.76,26.8
1216.0,1.35,5.0,15.78,30.0
1078.0,2.0,2.0,21.36,17.4
1188.0,1.22,2.0,12.97,21.3
645.0,0.9,2.0,18.22,22.1
1376.0,1.25,3.0,12.32,30.0
1410.0,2.0,5.0,14.2,31.1
811.0,1.06,2.0,36.56,19.4
303.0,1.43,2.0,24.63,22.3
681.0,1.87,2.0,14.55,23.7
1253.0,0.94,3.0,14.6,30.8
1172.0,0.58,4.0,28.93,26.4
979.0,1.19,4.0,12.75,25.2
1783.0,2.0,4.0,12.32,21.7
1562.0,1.3,3.0,12.87,27.7
1119.0,0.72,4.0,12.64,25.1
303.0,1.6,3.0,21.42,25.2
1090.0,1.19,3.0,25.06,31.5
1075.0,0.93,4.0,22.57,25.5
692.0,1.48,5.0,18.29,16.0
1025.0,1.91,2.0,19.89,28.2
1419.0,1.36,2.0,17.6,22.6
538.0,2.0,2.0,15.3,10.0
1338.0,1.43,5.0,13.87,13.0
1196.0,1.09,2.0,20.18,17.4
760.0,1.32,5.0,18.03,25.0
1249.0,1.63,4.0,12.32,20.2
1148.0,1.23,3.0,22.64,24.1
1042.0,0.91,5.0,29.29,27.1
837.0,0.95,5.0,18.61,22.6
1036.0,1.98,4.0,23.58,22.1
909.0,1.32,4.0,12.32,23.6
1308.0,1.45,3.0,12.32,21.1
839.0,1.43,4.0,12.32,26.5
1183.0,1.63,4.0,14.54,23.4
1452.0,1.57,3.0,12.32,27.1
1000.0,1.45,2.0,21.12,23.6
1362.0,1.32,2.0,16.31,28.1
1357.0,1.29,3.0,12.51,11.3
949.0,1.37,4.0,23.73,27.3
644.0,1.39,2.0,12.32,15.7
1144.0,1.24,2.0,25.53,30.7
1398.0,1.27,5.0,25.14,18.9
567.0,1.1,4.0,28.31,20.3
1213.0,1.33,2.0,16.2,26.6
636.0,1.13,2.0,12.32,14.1
1638.0,1.59,3.0,12.32,25.8
1356.0,1.13,3.0,15.67,20.1
1293.0,0.98,2.0,15.75,27.0
1108.0,1.32,3.0,12.32,30.6
1183.0,1.4,2.0,12.32,24.9
1419.0,1.53,4.0,16.43,22.3
1215.0,1.3,3.0,16.02,26.4
998.0,0.76,4.0,29.69,22.2
717.0,2.0,2.0,15.62,22.2
1447.0,1.35,4.0,18.66,24.0
650.0,1.19,4.0,24.46,27.6
640.0,1.55,4.0,29.07,24.7
763.0,1.26,2.0,23.64,10.0
1244.0,1.12,3.0,19.23,22.7
1015.0,1.34,2.0,18.67,29.5
1411.0,1.61,2.0,18.07,31.9
1037.0,1.87,2.0,15.27,25.1
593.0,1.04,4.0,12.32,15.8
1252.0,1.06,3.0,23.65,31.5
1144.0,1.26,4.0,12.32,23.9
1196.0,2.0,3.0,14.85,13.0
957.0,2.0,2.0,35.06,21.2
853.0,0.87,3.0,19.12,32.5
1257.0,0.68,5.0,35.28,26.7
1330.0,1.48,3.0,12.32,27.5
995.0,1.16,3.0,18.28,30.3
1047.0,1.38,3.0,40.75,22.1
1105.0,0.65,2.0,16.46,19.4
895.0,1.99,5.0,16.16,20.0
640.0,1.74,3.0,29.48,18.6
859.0,1.49,2.0,25.3,25.0
1179.0,1.34,5.0,24.12,31.0
1350.0,1.39,5.0,17.05,23.8
540.0,0.88,4.0,15.29,11.9
466.0,1.53,2.0,12.32,27.3
576.0,1.08,2.0,20.21,31.2
1246.0,1.78,3.0,13.35,24.4
1028.0,0.93,3.0,18.08,14.8
1215.0,0.99,4.0,20.61,26.9
456.0,0.89,3.0,14.75,24.5
817.0,1.12,2.0,14.5,25.0
1783.0,1.04,4.0,40.0,15.4
808.0,1.49,3.0,17.82,22.4
1336.0,2.0,4.0,14.57,27.6
836.0,0.94,4.0,13.37,26.7
1090.0,0.91,3.0,17.63,33.3
771.0,0.9,3.0,26.79,14.0
1298.0,1.1,2.0,13.58,25.4
684.0,1.53,4.0,12.32,15.2
695.0,1.88,3.0,26.69,23.1
1093.0,2.0,3.0,25.74,32.6
1182.0,2.0,3.0,12.32,13.6
1730.0,1.79,5.0,18.17,17.0
1632.0,1.24,4.0,20.18,27.3
872.0,1.66,4.0,21.88,17.5
595.0,1.28,2.0,20.55,19.0
1113.0,1.57,3.0,21.82,23.5
717.0,1.16,4.0,17.52,23.8
750.0,1.5,4.0,13.4,29.4
988.0,1.46,2.0,27.97,26.7
1217.0,1.41,2.0,20.61,19.9
1084.0,1.33,3.0,23.56,30.7
1166.0,1.59,4.0,24.01,22.3
1263.0,1.49,2.0,12.74,26.9
1783.0,2.0,4.0,13.09,27.5
499.0,0.65,3.0,12.32,16.7
1186.0,1.82,2.0,20.79,19.1
1378.0,0.92,4.0,12.62,15.0
1004.0,1.45,3.0,31.33,23.1
1095.0,1.52,5.0,21.22,23.1
781.0,0.99,3.0,18.18,18.5
874.0,0.54,3.0,12.32,25.2
1057.0,1.5,3.0,30.44,28.0
930.0,1.18,3.0,13.63,27.2
800.0,1.41,3.0,18.79,28.3
913.0,1.07,5.0,12.32,26.4
303.0,1.2,3.0,14.84,21.3
859.0,1.95,3.0,15.7,22.7
694.0,1.01,5.0,17.47,24.5
352.0,0.73,3.0,28.42,26.0
953.0,1.24,3.0,16.02,24.6
1286.0,1.3,3.0,19.42,28.1
760.0,0.92,5.0,18.76,27.2
1274.0,1.01,3.0,15.72,31.4
859.0,2.0,3.0,19.06,31.2
979.0,1.4,2.0,14.05,33.7
1002.0,1.48,3.0,43.01,25.9
1262.0,0.91,4.0,26.33,31.5
314.0,1.82,4.0,12.32,23.2
1126.0,1.33,2.0,23.15,12.6
1553.0,1.66,2.0,16.38,18.6
1329.0,1.19,4.0,12.91,24.2
325.0,1.26,5.0,28.56,23.5
1062.0,2.0,3.0,14.86,30.5
804.0,1.33,4.0,23.68,20.1
645.0,1.25,4.0,21.6,28.2
462.0,1.13,2.0,15.67,14.9
798.0,0.95,4.0,17.3,22.5
1662.0,2.0,4.0,17.41,23.0
1263.0,1.14,5.0,14.98,28.3
1499.0,1.16,4.0,16.37,10.0
649.0,1.59,3.0,23.19,19.7
1524.0,1.21,3.0,12.32,26.5
1222.0,0.55,3.0,19.51,31.7
1370.0,1.03,2.0,26.04,34.4
988.0,1.25,3.0,22.51,21.6
918.0,2.0,4.0,18.66,26.4
810.0,1.05,2.0,17.18,21.1
501.0,1.42,4.0,22.15,29.2
800.0,1.28,2.0,15.86,27.1
1590.0,1.85,3.0,27.8,15.3
901.0,1.42,5.0,29.73,22.2
761.0,1.42,3.0,20.51,21.0
1389.0,1.54,2.0,33.8,12.1
1030.0,1.28,3.0,37.28,16.7
1556.0,1.28,2.0,19.51,17.4
1345.0,1.66,2.0,15.5,22.7
967.0,1.35,4.0,23.83,31.2
913.0,2.0,3.0,22.96,11.4
1135.0,1.39,3.0,21.35,26.1
887.0,1.0,2.0,12.32,25.0
1109.0,2.0,2.0,35.49,24.0
922.0,0.87,2.0,15.58,24.2
787.0,1.37,3.0,17.0,28.7
1628.0,1.44,4.0,17.41,25.4
1067.0,0.7,2.0,12.32,32.0
1266.0,2.0,3.0,38.48,34.4
672.0,1.25,3.0,21.05,26.5
700.0,1.16,2.0,25.05,20.8
1254.0,1.22,4.0,15.26,35.0
905.0,2.0,3.0,23.8,27.0
733.0,1.41,2.0,19.74,24.7
1018.0,0.83,3.0,29.23,12.0
629.0,1.53,4.0,22.23,22.6
1218.0,1.08,4.0,13.91,22.0
1130.0,1.5,5.0,12.32,30.4
1115.0,1.21,2.0,22.23,11.3
1068.0,2.0,5.0,24.78,24.3
1083.0,1.14,5.0,18.36,16.1
1032.0,1.06,3.0,13.95,24.4
1179.0,2.0,5.0,12.32,24.3
1259.0,1.4,3.0,12.32,14.8
635.0,1.46,2.0,12.8,15.0
906.0,1.86,4.0,34.73,21.4
773.0,0.98,2.0,19.61,24.1
903.0,1.27,4.0,32.63,11.0
875.0,0.86,2.0,20.61,22.6
1163.0,1.66,4.0,15.78,31.7
916.0,2.0,2.0,13.57,18.8
843.0,2.0,3.0,25.65,24.2
1705.0,1.19,4.0,12.32,10.0
1269.0,1.45,4.0,15.99,26.1
562.0,1.42,3.0,14.48,23.9
1010.0,1.93,3.0,29.54,21.1
739.0,0.94,4.0,30.46,27.6
749.0,1.4,4.0,24.88,23.7
1338.0,2.0,3.0,22.35,21.9
1102.0,1.92,2.0,18.38,24.0
562.0,1.4,5.0,26.61,26.0
822.0,1.84,5.0,25.83,29.1
877.0,1.62,2.0,38.13,10.0
409.0,1.58,5.0,17.72,27.9
1369.0,1.38,3.0,22.79,20.7
1434.0,2.0,4.0,12.32,31.4
598.0,0.97,2.0,27.13,23.6
879.0,1.87,4.0,21.68,26.4
1338.0,1.33,2.0,30.41,35.0
1783.0,1.16,3.0,12.32,30.0
1221.0,0.72,2.0,18.28,25.6
1081.0,1.99,2.0,31.79,31.3
1010.0,1.89,2.0,17.97,27.9
635.0,1.59,4.0,13.65,11.2
1208.0,1.3,3.0,13.89,25.1
1350.0,1.6,4.0,38.45,25.4
662.0,1.01,4.0,29.15,28.6
594.0,1.36,5.0,28.24,25.5
985.0,0.61,3.0,12.32,21.6
765.0,1.64,4.0,21.47,27.0
775.0,1.3,4.0,13.01,29.9
1503.0,1.06,2.0,23.7,10.1
666.0,1.48,5.0,17.15,30.6
904.0,1.07,2.0,12.32,18.9
685.0,1.34,3.0,22.89,28.9
1059.0,1.6,2.0,12.32,14.7
1222.0,1.46,3.0,14.92,25.2
777.0,0.99,3.0,17.62,19.9
819.0,0.92,5.0,12.32,10.0
1485.0,1.99,4.0,22.4,27.9
730.0,1.32,2.0,12.32,23.5
935.0,2.0,2.0,12.98,28.2
962.0,1.41,5.0,28.7,23.6
717.0,1.48,2.0,21.26,26.7
1190.0,1.9,2.0,12.32,17.5
1562.0,1.07,4.0,22.25,24.2
1132.0,1.5,4.0,18.38,29.2
705.0,1.42,4.0,21.91,23.3
1096.0,2.0,3.0,20.71,21.9
1192.0,1.63,5.0,13.91,16.3
990.0,1.06,3.0,12.32,31.4
893.0,1.21,3.0,15.85,28.4
998.0,2.0,4.0,13.32,17.9
1005.0,0.97,4.0,23.76,23.0
861.0,1.16,5.0,28.85,23.3
1479.0,1.27,3.0,31.04,26.3
1734.0,2.0,3.0,24.81,23.9
1403.0,2.0,2.0,12.32,21.7
1436.0,1.44,3.0,17.82,28.5
841.0,1.13,4.0,12.46,22.1
1196.0,0.71,4.0,19.46,24.2
542.0,1.39,3.0,12.32,26.5
1023.0,2.0,2.0,15.5,26.2
1262.0,0.52,3.0,22.68,26.1
700.0,1.24,4.0,14.76,24.2
1204.0,1.16,2.0,15.69,23.3
1005.0,1.51,2.0,21.98,27.1
760.0,1.17,4.0,12.32,23.1
1128.0,1.01,2.0,16.92,30.6
1005.0,2.0,3.0,21.61,27.0
1256.0,1.52,2.0,18.9,22.5
475.0,1.69,4.0,17.33,11.1
1064.0,1.19,3.0,27.46,27.8
1169.0,1.32,4.0,27.18,25.1
1102.0,1.17,3.0,23.84,20.4
1343.0,1.43,4.0,25.77,27.2
1068.0,1.3,3.0,17.65,30.6
1297.0,1.82,3.0,17.6,24.9
897.0,1.1,2.0,21.73,24.7
1117.0,1.45,3.0,27.72,27.1
858.0,1.88,5.0,13.07,29.9
578.0,1.08,2.0,21.41,16.8
1196.0,2.0,2.0,17.38,28.7
1316.0,1.0,2.0,16.35,28.1
1317.0,1.2,3.0,28.02,19.2
1218.0,1.07,4.0,12.47,31.0
1178.0,1.33,3.0,26.27,24.7
850.0,1.18,3.0,12.32,22.4
823.0,1.15,3.0,12.32,31.8
854.0,1.39,5.0,12.32,24.5
405.0,1.29,4.0,12.32,24.4
1186.0,0.76,2.0,15.38,21.4
931.0,2.0,3.0,23.21,27.2
1483.0,1.24,3.0,15.92,10.0
997.0,2.0,4.0,18.27,16.4
708.0,1.59,2.0,13.14,10.3
366.0,0.95,3.0,20.61,22.7
1412.0,0.62,3.0,18.19,10.0
1271.0,1.4,2.0,13.23,15.6
1140.0,1.29,5.0,14.85,21.9
832.0,2.0,3.0,15.31,25.9
780.0,0.99,4.0,18.61,23.6
1454.0,1.52,3.0,12.58,33.9
1243.0,2.0,4.0,24.01,33.4
1199.0,1.55,4.0,15.26,26.4
532.0,1.35,3.0,20.79,27.6
911.0,0.8,5.0,13.86,24.0
1090.0,1.11,2.0,18.08,26.3
1187.0,1.29,5.0,45.54,25.3
1783.0,1.33,5.0,12.32,17.1
1162.0,2.0,2.0,24.38,27.1
1210.0,1.44,4.0,12.32,23.0
900.0,1.86,2.0,12.54,19.4
1388.0,1.11,3.0,36.73,27.7
1367.0,0.77,3.0,15.11,32.6
1261.0,1.2,3.0,17.99,28.4
956.0,1.04,4.0,12.65,32.9
1178.0,1.29,4.0,23.51,14.7
